﻿<?xml version="1.0" encoding="utf-8"?>
<ModMetaData>
	<name>Run and Hide</name>
	<author>Linq</author>
	<url>https://ludeon.com/forums/index.php?topic=40505.0</url>
	<targetVersion>1.0.2059</targetVersion>
	<description>Run and Hide solves the problem of colonists getting themselves killed by fleeing into unsafe places (i.e. away from the colony, into corners, etc.) by allowing the player to place a marker which designates a spot that the colonist can run to for safety. Colonists will flee to the nearest pre-placed bunker spot whenever they run into danger.
	
Compatible with every mod and can be installed on existing saves.
</description>
</ModMetaData>